Workbook

Sheet Summary Pivot
E1: D | F1: F | G1: W | I1: Female | J1: Male
E3: Male | F3: Female | G3: Female | H3: Male | I3: Totals | J3: Totals
A5: BIOL201 | B5: Biology Inquiry & Observation | C5: Fall Term 2021-2022BIOL201 | D5: Asian | I5: 3 | J5: 1
D6: Black/African American | E6: 1 | I6: 1 | J6: 3
D7: Hispanic/Latino | F7: 1 | H7: 1 | I7: 7 | J7: 2
D8: Multiple Races | G8: 1 | I8: 3 | J8: 1
D9: U.S. Nonresident | I9: 1
D10: White | F10: 2 | H10: 2 | I10: 65 | J10: 19
D11: Total | E11: 1 | F11: 3 | G11: 1 | H11: 3 | I11: 80 | J11: 26
C12: Spring Term 2021-2022BIOL201 | D12: Asian | I12: 5 | J12: 3
D13: Black/African American | I13: 3
D14: Hispanic/Latino | J14: 1
D15: Multiple Races | I15: 2
D16: U.S. Nonresident | I16: 1
D17: White | I17: 35 | J17: 17
D18: Total | I18: 46 | J18: 21
A19: BIOL202 | B19: CURE Lab | C19: Fall Term 2021-2022BIOL202 | D19: Asian | H19: 1 | I19: 4 | J19: 3
D20: Black/African American | I20: 1
D21: Multiple Races | I21: 2
D22: U.S. Nonresident | I22: 1
D23: White | I23: 25 | J23: 7
D24: Total | H24: 1 | I24: 33 | J24: 10
C25: Spring Term 2021-2022BIOL202 | D25: Asian | J25: 1
D26: Black/African American | J26: 1
D27: Hispanic/Latino | I27: 5
D28: U.S. Nonresident | I28: 2
D29: White | I29: 40 | J29: 12
D30: Total | I30: 47 | J30: 14

Sheet forImport
A1: Course | B1: Semester | C1: D_Male_White | D1: F_Female_White | E1: W_Female_White | F1: W_Male_White | G1: Female_Total_White | H1: Male_Total_White | I1: D_Male_nonWhite | J1: F_Female_nonWhite | K1: W_Female_nonWhite | L1: W_Male_nonWhite | M1: Female_Total_nonWhite | N1: Male_Total_nonWhite | O1: D_Male_Asian | P1: F_Female_Asian | Q1: W_Female_Asian | R1: W_Male_Asian | S1: Female_Total_Asian | T1: Male_Total_Asian
A2: BIOL201 | B2: Fall 2021 | C2: =SUM('Summary Pivot'!E10) -> 0 | D2: =SUM('Summary Pivot'!F10) -> 2 | E2: =SUM('Summary Pivot'!G10) -> 0 | F2: =SUM('Summary Pivot'!H10) -> 2 | G2: =SUM('Summary Pivot'!I10) -> 65 | H2: =SUM('Summary Pivot'!J10) -> 19 | I2: =SUM('Summary Pivot'!E6:E8) -> 1 | J2: =SUM('Summary Pivot'!F6:F8) -> 1 | K2: =SUM('Summary Pivot'!G6:G8) -> 1 | L2: =SUM('Summary Pivot'!H6:H8) -> 1 | M2: =SUM('Summary Pivot'!I6:I8) -> 11 | N2: =SUM('Summary Pivot'!J6:J8) -> 6 | O2: =SUM('Summary Pivot'!E5) -> 0 | P2: =SUM('Summary Pivot'!F5) -> 0 | Q2: =SUM('Summary Pivot'!G5) -> 0 | R2: =SUM('Summary Pivot'!H5) -> 0 | S2: =SUM('Summary Pivot'!I5) -> 3 | T2: =SUM('Summary Pivot'!J5) -> 1
A3: BIOL201 | B3: Spring 2022 | C3: =SUM('Summary Pivot'!E17) -> 0 | D3: =SUM('Summary Pivot'!F17) -> 0 | E3: =SUM('Summary Pivot'!G17) -> 0 | F3: =SUM('Summary Pivot'!H17) -> 0 | G3: =SUM('Summary Pivot'!I17) -> 35 | H3: =SUM('Summary Pivot'!J17) -> 17 | I3: =SUM('Summary Pivot'!E13:E16) -> 0 | J3: =SUM('Summary Pivot'!F13:F16) -> 0 | K3: =SUM('Summary Pivot'!G13:G16) -> 0 | L3: =SUM('Summary Pivot'!H13:H16) -> 0 | M3: =SUM('Summary Pivot'!I13:I16) -> 6 | N3: =SUM('Summary Pivot'!J12:J17) -> 21 | O3: =SUM('Summary Pivot'!E12) -> 0 | P3: =SUM('Summary Pivot'!F12) -> 0 | Q3: =SUM('Summary Pivot'!G12) -> 0 | R3: =SUM('Summary Pivot'!H12) -> 0 | S3: =SUM('Summary Pivot'!I12) -> 5 | T3: =SUM('Summary Pivot'!J12) -> 3
A4: BIOL202 | B4: Fall 2021 | C4: =SUM('Summary Pivot'!E23) -> 0 | D4: =SUM('Summary Pivot'!F23) -> 0 | E4: =SUM('Summary Pivot'!G23) -> 0 | F4: =SUM('Summary Pivot'!H23) -> 0 | G4: =SUM('Summary Pivot'!I23) -> 25 | H4: =SUM('Summary Pivot'!J23) -> 7 | I4: =SUM('Summary Pivot'!E20:E21) -> 0 | J4: =SUM('Summary Pivot'!F20:F21) -> 0 | K4: =SUM('Summary Pivot'!G20:G21) -> 0 | L4: =SUM('Summary Pivot'!H20:H21) -> 0 | M4: =SUM('Summary Pivot'!I20:I21) -> 3 | N4: =SUM('Summary Pivot'!J20:J21) -> 0 | O4: =SUM('Summary Pivot'!E19) -> 0 | P4: =SUM('Summary Pivot'!F19) -> 0 | Q4: =SUM('Summary Pivot'!G19) -> 0 | R4: =SUM('Summary Pivot'!H19) -> 1 | S4: =SUM('Summary Pivot'!I19) -> 4 | T4: =SUM('Summary Pivot'!J19) -> 3
A5: BIOL202 | B5: Spring 2022 | C5: =SUM('Summary Pivot'!E29) -> 0 | D5: =SUM('Summary Pivot'!F29) -> 0 | E5: =SUM('Summary Pivot'!G29) -> 0 | F5: =SUM('Summary Pivot'!H29) -> 0 | G5: =SUM('Summary Pivot'!I29) -> 40 | H5: =SUM('Summary Pivot'!J29) -> 12 | I5: =SUM('Summary Pivot'!E26:E27) -> 0 | J5: =SUM('Summary Pivot'!F26:F27) -> 0 | K5: =SUM('Summary Pivot'!G26:G27) -> 0 | L5: =SUM('Summary Pivot'!H26:H27) -> 0 | M5: =SUM('Summary Pivot'!I26:I27) -> 5 | N5: =SUM('Summary Pivot'!J26:J27) -> 1 | O5: =SUM('Summary Pivot'!E25) -> 0 | P5: =SUM('Summary Pivot'!F25) -> 0 | Q5: =SUM('Summary Pivot'!G25) -> 0 | R5: =SUM('Summary Pivot'!H25) -> 0 | S5: =SUM('Summary Pivot'!I25) -> 0 | T5: =SUM('Summary Pivot'!J25) -> 1
